Time [ms],tilt_x,tilt_y,tilt_z
0,220.19,9.25,-13.06
29,220.19,9.5,-12.94
57,220.19,9.75,-12.81
85,220.13,10,-12.63
114,220.13,10.19,-12.56
143,220.13,10.38,-12.38
172,220.13,10.63,-12.19
201,220.06,10.88,-12.06
231,220.06,11.06,-11.88
259,220.06,11.31,-11.69
289,220.06,11.5,-11.56
318,220.06,11.75,-11.38
346,220.06,11.94,-11.19
376,220,12.13,-11
405,220.06,12.38,-10.75
435,220,12.56,-10.63
463,220,12.69,-10.5
493,220,12.88,-10.25
522,220,13.06,-10.06
551,220.06,13.25,-9.81
579,220.06,13.44,-9.63
607,220.06,13.63,-9.44
635,220.06,13.81,-9.19
663,220.06,13.94,-9.06
692,220.06,14.13,-8.75
719,220.13,14.25,-8.5
747,220.13,14.44,-8.25
776,220.13,14.63,-8
803,220.13,14.69,-7.88
832,220.19,14.88,-7.56
859,220.19,15,-7.31
888,220.25,15.13,-7.06
916,220.25,15.31,-6.81
943,220.31,15.44,-6.5
972,220.31,15.5,-6.31
1000,220.31,15.69,-6.06
1028,220.38,15.81,-5.75
1056,220.44,15.94,-5.5
1085,220.44,16.06,-5.19
1112,220.5,16.12,-5
1140,220.56,16.25,-4.69
1169,220.56,16.37,-4.38
1196,220.63,16.44,-4.06
1225,220.69,16.56,-3.75
1253,220.69,16.62,-3.56
1281,220.75,16.69,-3.25
1309,220.81,16.81,-2.94
1337,220.88,16.87,-2.56
1365,220.94,17,-2.25
1393,221,17.06,-1.94
1422,221,17.12,-1.69
1449,221.06,17.19,-1.37
1477,221.13,17.31,-1
1506,221.19,17.37,-0.63
1533,221.25,17.5,-0.31
1562,221.25,17.56,-0.06
1590,221.31,17.62,0.19
1617,221.38,17.69,0.56
1644,221.44,17.75,0.94
1670,221.5,17.81,1.19
1698,221.56,17.87,1.56
1725,221.63,17.94,1.94
1752,221.69,17.94,2.13
1779,221.75,18,2.5
1806,221.81,18,2.88
1833,221.88,18.06,3.25
1860,221.88,18.06,3.5
1888,221.94,18.06,3.88
1914,222,18.06,4.25
1941,222.06,18.06,4.44
1968,222.13,18.06,4.81
1995,222.19,18.06,5.13
2023,222.19,18.06,5.38
2049,222.25,18.06,5.69
2076,222.31,18,6.06
2104,222.38,18,6.38
2130,222.44,18,6.63
2158,222.5,17.94,7
2185,222.56,17.94,7.31
2211,222.56,17.94,7.56
2239,222.63,17.81,7.88
2265,222.69,17.81,8.19
2293,222.69,17.75,8.5
2320,222.75,17.75,8.69
2347,222.81,17.69,9
2374,222.88,17.62,9.31
2401,222.88,17.56,9.5
2428,222.94,17.5,9.81
2455,222.94,17.37,10.06
2484,223,17.31,10.38
2511,223,17.25,10.56
2539,223.06,17.19,10.88
2568,223.13,17.06,11.13
2595,223.19,17,11.44
2624,223.19,16.87,11.69
2651,223.25,16.87,11.88
2680,223.25,16.81,12.13
2708,223.31,16.62,12.44
2735,223.31,16.5,12.69
2764,223.38,16.44,12.94
2792,223.38,16.25,13.19
2820,223.44,16.25,13.38
2848,223.44,16.12,13.63
2876,223.44,15.94,13.88
2904,223.5,15.81,14.13
2932,223.5,15.63,14.38
2961,223.5,15.56,14.5
2988,223.5,15.38,14.75
3017,223.5,15.25,15
3045,223.56,15.06,15.19
3072,223.56,14.94,15.44
3101,223.56,14.81,15.56
3129,223.56,14.56,15.75
3157,223.56,14.44,16
3185,223.56,14.25,16.19
3214,223.56,14.06,16.37
3241,223.56,13.94,16.56
3269,223.56,13.69,16.75
3298,223.56,13.5,16.94
3325,223.56,13.31,17.12
3354,223.5,13.13,17.31
3382,223.5,12.88,17.5
3409,223.5,12.75,17.56
3438,223.5,12.56,17.81
3466,223.5,12.31,17.94
3494,223.5,12.06,18.12
3522,223.44,11.88,18.31
3551,223.44,11.69,18.44
3578,223.44,11.44,18.56
3606,223.44,11.19,18.75
3635,223.38,10.94,18.87
3662,223.38,10.75,19.06
3691,223.31,10.56,19.12
3718,223.31,10.25,19.25
3747,223.31,10.06,19.37
3775,223.25,9.75,19.56
3801,223.25,9.5,19.69
3829,223.19,9.31,19.75
3856,223.19,9.06,19.87
3883,223.13,8.75,20
3910,223.13,8.56,20.06
3937,223.06,8.25,20.19
3964,223.06,8,20.31
3991,223,7.69,20.44
4019,223,7.5,20.5
4045,222.94,7.19,20.62
4072,222.88,6.88,20.69
4099,222.88,6.69,20.75
4126,222.81,6.38,20.87
4154,222.75,6.06,20.94
4180,222.75,5.81,21.06
4207,222.69,5.5,21.12
4235,222.63,5.19,21.19
4261,222.56,4.88,21.31
4289,222.56,4.63,21.37
4315,222.5,4.31,21.37
4343,222.44,3.94,21.5
4370,222.44,3.75,21.5
4396,222.38,3.44,21.62
4424,222.31,3.06,21.69
4451,222.25,2.69,21.75
4478,222.25,2.44,21.75
4505,222.19,2.06,21.81
4532,222.13,1.69,21.87
4559,222.06,1.44,21.87
4586,222,1.06,21.94
4613,221.94,0.69,22
4640,221.88,0.44,22
4667,221.88,0.06,22
4694,221.81,-0.25,22
4722,221.75,-0.56,22
4751,221.69,-0.94,22.06
4778,221.63,-1.19,22.06
4806,221.56,-1.56,22.06
4835,221.5,-1.88,22
4862,221.5,-2.25,22
4891,221.44,-2.56,22
4919,221.38,-2.81,22
4947,221.31,-3.13,21.94
4975,221.31,-3.5,21.94
5003,221.25,-3.75,21.87
5031,221.19,-4.13,21.75
5059,221.19,-4.31,21.75
5088,221.13,-4.63,21.62
5115,221.06,-4.94,21.56
5144,221.06,-5.25,21.5
5172,221,-5.56,21.44
5199,220.94,-5.88,21.31
5228,220.94,-6.13,21.25
5256,220.88,-6.38,21.12
5284,220.81,-6.69,21.06
5312,220.81,-7,20.94
5339,220.75,-7.25,20.87
5368,220.75,-7.44,20.75
5396,220.69,-7.75,20.62
5424,220.69,-8.06,20.5
5452,220.63,-8.31,20.37
5481,220.63,-8.63,20.31
5508,220.63,-8.75,20.19
5536,220.56,-9.06,20.06
5565,220.56,-9.31,19.94
5592,220.5,-9.56,19.81
5621,220.5,-9.88,19.69
5649,220.5,-10.06,19.56
5678,220.44,-10.31,19.44
5707,220.44,-10.56,19.31
5736,220.44,-10.88,19.19
5765,220.44,-11.06,19.06
5794,220.38,-11.31,18.87
5824,220.38,-11.56,18.69
5853,220.38,-11.81,18.62
5882,220.38,-12.06,18.37
5911,220.38,-12.31,18.25
5941,220.38,-12.5,18.06
5969,220.38,-12.69,17.94
5998,220.38,-12.88,17.75
6028,220.38,-13.13,17.62
6056,220.38,-13.31,17.44
6086,220.38,-13.5,17.19
6115,220.81,-13.69,17
6144,220.88,-13.94,16.81
6173,221.13,-14.13,16.56
6202,221.13,-14.31,16.37
6231,221.25,-14.5,16.12
6260,221.25,-14.69,15.88
6290,221.25,-14.88,15.69
6318,221.5,-15,15.5
6348,221.5,-15.13,15.31
6377,221.75,-15.31,15.06
6406,221.75,-15.5,14.81
6435,221.94,-15.69,14.56
6464,222.19,-15.81,14.31
6494,222.25,-16,14
6522,222.31,-16.12,13.75
6552,222.38,-16.25,13.5
6581,222.44,-16.44,13.19
6610,222.63,-16.56,12.94
6639,222.63,-16.69,12.63
6668,222.81,-16.81,12.44
6697,222.88,-16.94,12.19
6726,223,-17.06,11.88
6756,223.06,-17.19,11.56
6784,223.19,-17.31,11.25
6814,223.31,-17.44,10.94
6843,223.38,-17.56,10.69
6872,223.5,-17.69,10.31
6901,223.56,-17.75,10.06
6930,223.69,-17.87,9.75
6958,223.69,-17.94,9.5
6986,223.81,-18.06,9.19
7015,224,-18.12,8.88
7042,224.06,-18.25,8.5
7070,224.13,-18.37,8.19
7099,224.19,-18.44,7.88
7126,224.31,-18.5,7.63
7155,224.38,-18.56,7.25
7183,224.44,-18.69,6.94
7211,224.63,-18.75,6.56
7239,224.69,-18.81,6.19
7267,224.75,-18.87,5.94
7295,224.88,-18.94,5.63
7323,224.94,-19,5.25
7352,225,-19.06,4.88
7379,225.06,-19.12,4.5
7408,225.13,-19.19,4.19
7436,225.19,-19.19,3.81
7463,225.25,-19.25,3.44
7492,225.38,-19.31,3.06
7520,225.44,-19.31,2.63
7548,225.5,-19.31,2.25
7576,225.5,-19.31,2
7605,225.56,-19.31,1.63
7632,225.63,-19.31,1.25
7660,225.69,-19.31,0.88
7689,225.75,-19.31,0.56
7716,225.81,-19.31,0.31
7745,225.88,-19.31,0
7773,225.94,-19.25,-0.37
7801,226,-19.25,-0.69
7831,226.06,-19.25,-1
7860,226.13,-19.19,-1.37
7889,226.19,-19.12,-1.69
7918,226.25,-19.06,-2
7948,226.25,-19.06,-2.38
7976,226.31,-19,-2.63
8006,226.38,-18.94,-2.94
8035,226.44,-18.87,-3.25
8063,226.5,-18.81,-3.56
8093,226.5,-18.75,-3.88
8122,226.56,-18.69,-4.19
8151,226.63,-18.62,-4.5
8180,226.69,-18.5,-4.81
8210,226.75,-18.44,-5.06
8238,226.75,-18.31,-5.38
8267,226.75,-18.25,-5.56
8297,226.81,-18.12,-5.88
8325,226.88,-18.06,-6.13
8355,226.88,-17.87,-6.44
8384,226.88,-17.81,-6.75
8414,226.94,-17.69,-7
8442,226.94,-17.56,-7.25
8472,226.94,-17.44,-7.56
8501,226.94,-17.31,-7.81
8529,227,-17.19,-8.06
8559,227,-17,-8.31
8588,227,-16.87,-8.56
8617,227,-16.81,-8.69
8646,227,-16.69,-8.94
8676,227,-16.5,-9.19
8704,227.06,-16.37,-9.44
8733,227.06,-16.19,-9.69
8763,227.06,-16,-9.88
8791,227.06,-15.88,-10.13
8822,227.06,-15.69,-10.38
8852,227.06,-15.5,-10.56
8883,227.06,-15.31,-10.81
8912,227.06,-15.13,-11.06
8943,227.06,-14.94,-11.25
8973,227.06,-14.75,-11.44
9003,227.06,-14.5,-11.69
9033,227,-14.31,-11.88
9063,227,-14.13,-12.06
9093,227,-13.88,-12.25
9123,227,-13.69,-12.44
9154,227,-13.44,-12.63
9184,226.94,-13.25,-12.81
9214,226.94,-13,-13
9244,226.94,-12.75,-13.19
9275,226.88,-12.5,-13.38
9304,226.88,-12.25,-13.56
9335,226.81,-12,-13.69
9365,226.81,-11.75,-13.88
9395,226.75,-11.5,-14
9425,226.75,-11.25,-14.19
9455,226.69,-11,-14.38
9486,226.69,-10.75,-14.5
9515,226.63,-10.5,-14.69
9546,226.63,-10.19,-14.81
9576,226.56,-9.81,-15
9605,226.5,-9.69,-15.06
9634,226.5,-9.38,-15.25
9663,226.44,-9.06,-15.31
9693,226.38,-8.81,-15.44
9721,226.38,-8.5,-15.56
9751,226.31,-8.19,-15.69
9780,226.25,-7.88,-15.81
9809,226.19,-7.63,-15.88
9838,226.19,-7.31,-16
9868,226.13,-7,-16.06
9896,226.06,-6.69,-16.19
9925,226,-6.44,-16.25
9955,225.94,-6.13,-16.31
9983,225.94,-5.81,-16.44
10013,225.88,-5.5,-16.5
10042,225.81,-5.13,-16.56
10071,225.75,-4.81,-16.69
10100,225.69,-4.5,-16.69
10129,225.63,-4.19,-16.81
10158,225.56,-3.81,-16.87
10187,225.5,-3.44,-16.94
10217,225.44,-3.13,-17
10245,225.38,-2.75,-17.06
10275,225.31,-2.5,-17.06
10304,225.25,-2.19,-17.12
10334,225.19,-1.81,-17.12
10362,225.13,-1.44,-17.19
10391,225.06,-1.06,-17.25
10421,225,-0.75,-17.25
10449,224.94,-0.37,-17.25
10479,224.88,0,-17.25
10507,224.81,0.31,-17.25
10535,224.75,0.56,-17.25
10563,224.69,0.94,-17.25
10591,224.63,1.31,-17.25
10619,224.56,1.75,-17.25
10647,224.5,2.06,-17.25
10676,224.44,2.38,-17.25
10703,224.38,2.69,-17.19
10731,224.31,2.94,-17.12
10760,224.25,3.31,-17.12
10787,224.19,3.63,-17.06
10816,224.19,3.94,-17.06
10843,224.13,4.13,-17
10872,224.06,4.44,-16.94
10900,224.06,4.75,-16.87
10927,224,5.06,-16.81
10956,223.94,5.38,-16.75
10984,223.94,5.56,-16.69
11012,223.88,5.88,-16.62
11040,223.81,6.19,-16.56
11069,223.81,6.5,-16.5
11096,223.75,6.81,-16.37
11124,223.69,7.13,-16.31
11153,223.69,7.31,-16.25
11180,223.63,7.56,-16.12
11209,223.63,7.88,-16.06
11237,223.56,8.19,-15.94
11265,223.5,8.44,-15.81
11293,223.5,8.63,-15.75
11321,223.88,8.88,-15.63
11349,223.88,9.19,-15.5
11377,224.19,9.44,-15.38
11406,224.19,9.69,-15.25
11433,224.19,9.88,-15.19
11461,224.13,10.13,-15.06
11491,224.13,10.38,-14.94
11519,224.25,10.63,-14.81
11549,224.25,10.88,-14.69
11578,224.25,11.13,-14.63
11607,224.31,11.38,-14.44
11636,224.25,11.63,-14.25
11666,224.31,11.81,-14.13
11694,224.31,12.06,-13.94
11723,224.5,12.25,-13.81
11753,224.5,12.44,-13.69
11781,224.63,12.69,-13.5
11811,224.69,12.88,-13.31
11840,224.69,13.13,-13.13
11870,224.69,13.31,-12.94
11898,224.69,13.5,-12.69
11927,224.75,13.75,-12.5
11957,224.81,13.94,-12.31
11985,224.81,14.13,-12.13
12015,224.81,14.31,-11.88
12044,224.81,14.5,-11.69
12073,224.88,14.63,-11.5
12102,224.88,14.81,-11.31
12132,224.94,15,-11.13
12160,225,15.19,-10.81
12189,225,15.38,-10.63
12219,225.13,15.56,-10.31
12247,225.13,15.75,-10.06
12277,225.38,15.88,-9.81
12305,225.44,16.06,-9.56
12333,225.44,16.19,-9.44
12361,225.5,16.31,-9.13
12389,225.5,16.44,-8.88
12417,225.56,16.62,-8.56
12445,225.63,16.75,-8.31
12474,225.81,16.87,-8.06
12501,225.81,17,-7.81
12530,225.88,17.12,-7.56
12558,225.94,17.25,-7.25
12585,226,17.37,-7
12614,226.13,17.5,-6.69
12642,226.13,17.56,-6.5
12670,226.19,17.69,-6.19
12698,226.25,17.81,-5.88
12726,226.31,17.94,-5.56
12754,226.38,18,-5.25
12782,226.38,18.12,-5.06
12811,226.44,18.19,-4.69
12838,226.5,18.31,-4.38
12867,226.56,18.37,-4.06
12895,226.63,18.5,-3.75
12922,226.69,18.56,-3.5
12951,226.75,18.62,-3.19
12979,226.81,18.69,-2.88
13007,226.88,18.75,-2.5
13035,226.94,18.87,-2.19
13064,226.94,18.87,-1.94
13091,227,18.94,-1.56
13119,227.06,19,-1.19
13147,227.13,19.06,-0.88
13175,227.25,19.12,-0.5
13204,227.31,19.12,-0.12
13231,227.31,19.19,0.06
13258,227.38,19.25,0.44
13286,227.44,19.25,0.81
13312,227.5,19.25,1.06
13340,227.56,19.25,1.44
13367,227.63,19.31,1.81
13393,227.69,19.25,2.19
13421,227.75,19.25,2.38
13448,227.81,19.25,2.75
13475,227.88,19.25,3.13
13502,227.94,19.25,3.38
13529,228,19.25,3.69
13556,228.06,19.19,4.06
13583,228.13,19.19,4.38
13610,228.13,19.12,4.63
13637,228.19,19.06,5
13665,228.25,19.06,5.31
13691,228.31,19,5.56
13718,228.38,19,5.94
13746,228.44,18.94,6.25
13772,228.5,18.87,6.56
13800,228.5,18.81,6.75
13826,228.56,18.75,7.13
13853,228.63,18.69,7.44
13881,228.63,18.62,7.63
13907,228.69,18.56,7.94
13935,228.75,18.44,8.19
13962,228.75,18.37,8.44
13988,228.81,18.31,8.69
14016,228.88,18.19,9
14042,228.94,18.12,9.31
14070,228.94,18.06,9.5
14097,229,17.94,9.75
14123,229,17.81,10.06
14152,229.06,17.75,10.25
14180,229.06,17.69,10.56
14208,229.13,17.56,10.81
14236,229.19,17.44,11.06
14265,229.19,17.31,11.31
14292,229.25,17.19,11.56
14320,229.25,17.12,11.75
14349,229.25,17,12
14376,229.31,16.87,12.25
14405,229.31,16.75,12.5
14433,229.38,16.62,12.75
14461,229.38,16.5,12.94
14489,229.38,16.31,13.13
14517,229.38,16.19,13.38
14545,229.38,16,13.63
14573,229.38,15.81,13.88
14602,229.38,15.69,14
14629,229.38,15.5,14.25
14657,229.38,15.31,14.44
14686,229.38,15.19,14.69
14713,229.38,14.94,14.88
14742,229.38,14.75,15.06
14770,229.38,14.63,15.25
14798,229.38,14.44,15.44
14826,229.38,14.25,15.63
14853,229.38,14,15.81
14882,229.38,13.81,16
14910,229.38,13.69,16.12
14938,229.38,13.44,16.31
14966,229.31,13.25,16.5
14995,229.31,13,16.69
15022,229.31,12.81,16.87
15050,229.31,12.63,17
15079,229.25,12.38,17.19
15106,229.25,12.13,17.31
15135,229.25,11.94,17.5
15163,229.19,11.69,17.62
15190,229.19,11.5,17.75
15219,229.19,11.25,17.94
15247,229.13,11,18.06
15275,229.13,10.75,18.25
15303,229.06,10.44,18.37
15332,229.06,10.19,18.5
15359,229,10,18.56
15387,229,9.75,18.75
15415,228.94,9.44,18.81
15441,228.88,9.19,18.94
15469,228.88,9,19.06
15496,228.81,8.69,19.19
15522,228.81,8.44,19.25
15550,228.75,8.19,19.37
15576,228.75,7.88,19.44
15604,228.69,7.63,19.56
15631,228.63,7.31,19.69
15658,228.63,7.06,19.75
15685,228.56,6.75,19.81
15712,228.5,6.44,19.94
15739,228.44,6.25,20
15766,228.44,5.94,20.06
15794,228.38,5.56,20.19
15820,228.31,5.38,20.19
15847,228.25,5,20.31
15874,228.19,4.69,20.37
15901,228.19,4.44,20.37
15929,228.13,4.13,20.5
15955,228.06,3.81,20.56
15982,228,3.44,20.62
16010,227.94,3.19,20.62
16036,227.88,2.81,20.69
16064,227.81,2.44,20.75
16090,227.75,2.06,20.75
16117,227.75,1.81,20.81
16145,227.69,1.44,20.87
16171,227.63,1.06,20.81
16199,227.56,0.81,20.87
16226,227.5,0.44,20.81
16252,227.44,0.06,20.87
16280,227.38,-0.12,20.81
16308,227.31,-0.5,20.81
16336,227.25,-0.88,20.81
16364,227.19,-1.19,20.81
16393,227.19,-1.56,20.81
16420,227.13,-1.94,20.75
16448,227.06,-2.13,20.75
16477,227,-2.44,20.69
16504,226.94,-2.81,20.62
16533,226.88,-3.13,20.62
16560,226.88,-3.44,20.56
16588,226.81,-3.69,20.5
16617,226.75,-4,20.44
16644,226.75,-4.31,20.37
16673,226.69,-4.69,20.31
16701,226.63,-5,20.25
16729,226.56,-5.19,20.19
16757,226.56,-5.5,20.12
16785,226.5,-5.81,20.06
16813,226.44,-6.13,19.94
16841,226.44,-6.44,19.87
16870,226.38,-6.63,19.75
16897,226.38,-6.94,19.69
16926,226.31,-7.25,19.56
16954,226.25,-7.5,19.5
16981,226.25,-7.81,19.37
17010,226.25,-8,19.25
17038,226.19,-8.31,19.19
17066,226.13,-8.56,19.06
17094,226.13,-8.88,18.94
17123,226.13,-9.13,18.81
17150,226.06,-9.38,18.69
17178,226.06,-9.56,18.56
17207,226,-9.88,18.44
17234,226,-10.13,18.31
17264,226,-10.38,18.12
17293,225.94,-10.63,18
17322,225.94,-10.88,17.87
17351,225.94,-11.13,17.75
17380,225.88,-11.38,17.56
17409,225.88,-11.5,17.5
17438,225.88,-11.75,17.31
17468,225.88,-12,17.19
17496,225.88,-12.25,17
17526,225.88,-12.44,16.81
17555,225.88,-12.69,16.62
17583,225.88,-12.88,16.44
17613,225.88,-13.13,16.25
17642,225.88,-13.31,16.06
17672,225.88,-13.56,15.88
17700,225.88,-13.75,15.69
17730,225.94,-13.94,15.44
17759,225.94,-14.06,15.31
17788,225.94,-14.25,15.06
17817,225.94,-14.44,14.88
17846,225.94,-14.63,14.63
17875,225.94,-14.81,14.44
17904,226,-15,14.19
17934,226,-15.19,13.94
17962,226,-15.31,13.69
17992,226.06,-15.5,13.44
18021,226.06,-15.69,13.19
18049,226.13,-15.81,12.94
18079,226.13,-16,12.69
18108,226.13,-16.06,12.5
18137,226.19,-16.25,12.25
18166,226.19,-16.37,11.94
18196,226.25,-16.56,11.69
18224,226.31,-16.69,11.38
18254,226.31,-16.81,11.13
18283,226.38,-16.94,10.81
18312,226.44,-17.06,10.5
18341,226.5,-17.19,10.19
18370,226.56,-17.31,9.94
18399,226.56,-17.37,9.69
18426,226.63,-17.5,9.38
18455,226.69,-17.62,9.06
18483,226.75,-17.75,8.75
18510,226.81,-17.81,8.44
18539,226.88,-17.94,8.13
18566,226.94,-18,7.88
18595,226.94,-18.06,7.56
18623,227,-18.12,7.19
18650,227.06,-18.25,6.88
18679,227.13,-18.31,6.56
18707,227.19,-18.37,6.31
18735,227.25,-18.5,5.94
18763,227.31,-18.56,5.56
18792,227.38,-18.56,5.25
18819,227.44,-18.69,4.88
18847,227.5,-18.75,4.63
18876,227.56,-18.81,4.25
18903,227.63,-18.87,3.88
18932,227.69,-18.94,3.5
18960,227.75,-18.94,3.06
18988,227.81,-19,2.69
19016,227.88,-19.06,2.44
19044,227.94,-19.06,2
19072,228,-19.12,1.63
19100,228.06,-19.12,1.25
19129,228.13,-19.12,0.88
19156,228.19,-19.12,0.63
19184,228.25,-19.12,0.31
19213,228.31,-19.12,0
19240,228.38,-19.12,-0.37
19270,228.44,-19.12,-0.75
19299,228.44,-19.06,-1.06
19328,228.5,-19.06,-1.44
19357,228.56,-19.06,-1.69
19387,228.63,-19,-2
19415,228.69,-19,-2.38
19444,228.75,-18.94,-2.69
19474,228.81,-18.87,-3
19502,228.88,-18.81,-3.31
19532,228.94,-18.81,-3.69
19561,228.94,-18.75,-4
19590,229,-18.69,-4.31
19619,229.06,-18.62,-4.63
19648,229.13,-18.56,-4.81
19678,229.19,-18.44,-5.25
19706,229.19,-18.44,-5.44
19736,229.25,-18.31,-5.75
19765,229.25,-18.25,-6.06
19794,229.31,-18.19,-6.31
19823,229.31,-18.06,-6.63
19853,229.38,-18,-6.94
19881,229.38,-17.87,-7.19
19910,229.44,-17.75,-7.5
19940,229.44,-17.62,-7.75
19968,229.44,-17.5,-8.06
19998,229.5,-17.44,-8.31
20027,229.5,-17.31,-8.56
20056,229.5,-17.19,-8.75
20085,229.5,-17.06,-9
20114,229.5,-16.94,-9.25
20143,229.56,-16.81,-9.44
20172,229.56,-16.69,-9.69
20202,229.56,-16.5,-9.94
20230,229.56,-16.37,-10.19
20261,229.56,-16.19,-10.44
20291,229.63,-16.06,-10.69
20322,229.63,-15.88,-10.88
20351,229.63,-15.69,-11.13
20381,229.63,-15.56,-11.38
20412,229.63,-15.38,-11.56
20441,229.63,-15.19,-11.81
20472,229.63,-15,-12
20502,229.63,-14.81,-12.19
20533,229.63,-14.63,-12.44
20562,229.63,-14.44,-12.63
20593,229.56,-14.19,-12.81
20623,229.56,-14,-13.06
20653,229.56,-13.81,-13.25
20683,229.56,-13.56,-13.44
20713,229.5,-13.31,-13.63
20744,229.5,-13.13,-13.81
20773,229.5,-12.88,-13.94
20804,229.5,-12.63,-14.13
20834,229.44,-12.44,-14.31
20864,229.44,-12.19,-14.5
20894,229.38,-11.94,-14.63
20925,229.38,-11.69,-14.81
20954,229.38,-11.44,-15
20985,229.31,-11.19,-15.13
21015,229.31,-10.94,-15.25
21045,229.25,-10.63,-15.44
21075,229.19,-10.38,-15.56
21105,229.19,-10.13,-15.69
21136,229.13,-9.81,-15.81
21164,229.13,-9.56,-16
21194,229.06,-9.25,-16.06
21223,229,-8.94,-16.19
21252,229,-8.69,-16.31
21281,228.94,-8.38,-16.44
21310,228.88,-8.06,-16.56
21339,228.81,-7.81,-16.62
21368,228.81,-7.5,-16.75
21398,228.75,-7.19,-16.87
21427,228.69,-6.88,-16.94
21456,228.69,-6.69,-17
21485,228.63,-6.31,-17.12
21514,228.56,-6,-17.19
21543,228.5,-5.69,-17.31
21572,228.44,-5.38,-17.37
21602,228.38,-5.06,-17.44
21630,228.31,-4.69,-17.5
21660,228.25,-4.38,-17.56
21689,228.19,-4,-17.62
21718,228.13,-3.69,-17.69
21747,228.13,-3.31,-17.75
21776,228.06,-3,-17.81
21805,228,-2.75,-17.87
21834,227.94,-2.38,-17.87
21864,227.88,-2.06,-17.94
21892,227.81,-1.69,-18
21922,227.75,-1.31,-18
21951,227.69,-0.94,-18
21979,227.63,-0.56,-18.06
22009,227.56,-0.25,-18.06
22038,227.5,0.06,-18.06
22067,227.44,0.44,-18.06
22094,227.38,0.69,-18.06
22123,227.31,1.06,-18.06
22150,227.25,1.5,-18.06
22178,227.19,1.88,-18.06
22207,227.13,2.19,-18.06
22234,227.06,2.44,-18
22263,227.06,2.81,-18
22291,227,3.13,-17.94
22319,226.94,3.44,-17.87
22347,226.88,3.75,-17.87
22375,226.81,4.06,-17.81
22403,226.81,4.25,-17.75
22431,226.75,4.56,-17.69
22460,226.69,4.88,-17.62
22487,226.69,5.19,-17.56
22516,226.63,5.5,-17.5
22544,226.56,5.69,-17.44
22571,226.56,6,-17.37
22600,226.5,6.31,-17.25
22628,226.44,6.63,-17.19
22656,226.44,6.94,-17.12
22684,226.38,7.13,-17
22712,226.38,7.38,-16.94
22740,226.31,7.69,-16.81
22768,226.25,8,-16.69
22797,226.25,8.25,-16.62
22824,226.19,8.56,-16.5
22853,226.19,8.75,-16.44
22881,226.13,9,-16.31
22908,226.13,9.25,-16.19
22937,226.13,9.5,-16.06
22965,226.06,9.81,-15.94
22993,226.06,10,-15.88
23022,226.06,10.19,-15.75
23052,226,10.5,-15.63
23080,226,10.75,-15.44
23109,226,10.94,-15.38
23139,225.94,11.19,-15.25
23167,225.94,11.44,-15.06
23197,225.94,11.69,-14.88
23226,225.94,11.94,-14.75
23255,225.94,12.13,-14.56
23284,225.88,12.38,-14.38
23314,225.88,12.5,-14.25
23342,225.88,12.75,-14.06
23371,225.88,12.94,-13.88
23401,225.88,13.19,-13.69
23429,225.88,13.38,-13.5
23459,225.88,13.56,-13.31
23488,225.88,13.81,-13.06
23518,225.88,14,-12.88
23546,225.88,14.19,-12.69
23575,225.88,14.38,-12.44
23605,225.94,14.56,-12.25
23633,225.94,14.69,-12.06
23663,225.94,14.88,-11.88
23692,225.94,15,-11.69
23721,225.94,15.19,-11.38
23750,226,15.38,-11.13
23780,226,15.56,-10.88
23808,226,15.75,-10.63
23837,226.06,15.88,-10.38
23867,226.06,16.06,-10.13
23895,226.13,16.19,-9.88
23924,226.13,16.37,-9.56
23952,226.13,16.44,-9.38
23980,226.19,16.56,-9.13
24008,226.19,16.75,-8.88
24036,226.25,16.87,-8.56
24064,226.31,17,-8.31
24092,226.31,17.12,-8.13
24121,226.38,17.19,-7.81
24148,226.44,17.37,-7.5
24176,226.44,17.44,-7.19
24205,226.5,17.56,-6.94
24232,226.56,17.69,-6.69
24261,226.63,17.75,-6.44
24289,226.69,17.87,-6.06
24317,226.75,18,-5.75
24345,226.75,18.06,-5.44
24373,226.81,18.12,-5.25
24401,226.88,18.25,-4.88
24429,226.94,18.31,-4.56
24458,227,18.44,-4.25
24485,227.06,18.5,-3.94
24514,227.13,18.56,-3.56
24542,227.13,18.62,-3.31
24569,227.19,18.69,-3
24598,227.25,18.75,-2.63
24626,227.31,18.81,-2.25
24654,227.38,18.94,-1.88
24682,227.44,18.94,-1.63
24710,227.5,19,-1.31
24738,227.56,19.06,-0.88
24766,227.63,19.12,-0.56
24794,227.69,19.19,-0.12
24822,227.75,19.19,0.06
24850,227.81,19.19,0.44
24876,227.88,19.25,0.81
24903,227.94,19.25,1.19
24931,227.94,19.25,1.44
24957,228.06,19.25,1.81
24985,228.13,19.25,2.19
25012,228.13,19.25,2.44
25038,228.19,19.25,2.81
25066,228.25,19.25,3.19
25092,228.31,19.25,3.38
25120,228.38,19.19,3.75
25147,228.44,19.19,4.13
25173,228.5,19.12,4.44
25201,228.5,19.06,4.69
25228,228.56,19.06,5.06
25255,228.63,19,5.38
25282,228.69,18.94,5.63
25310,228.75,18.87,5.94
25336,228.81,18.81,6.25
25363,228.81,18.75,6.56
25390,228.88,18.69,6.81
25417,228.94,18.56,7.06
25445,228.94,18.5,7.44
25471,229,18.44,7.63
25498,229.06,18.37,7.94
25526,229.06,18.25,8.19
25552,229.13,18.19,8.44
25580,229.13,18.12,8.69
25606,229.19,18,9
25633,229.25,17.94,9.31
25661,229.25,17.87,9.5
25687,229.31,17.81,9.75
25715,229.38,17.69,10.06
25743,229.38,17.62,10.25
25770,229.38,17.5,10.5
25799,229.44,17.37,10.75
25827,229.44,17.19,11.06
25855,229.5,17.06,11.31
25883,229.5,17,11.56
25912,229.56,16.87,11.75
25939,229.56,16.75,12
25967,229.56,16.56,12.25
25996,229.56,16.44,12.5
26023,229.56,16.25,12.69
26052,229.56,16.19,12.88
26080,229.63,16,13.13
26108,229.63,15.81,13.38
26136,229.63,15.69,13.56
26164,229.63,15.5,13.81
26192,229.63,15.38,13.94
26220,229.63,15.19,14.19
26249,229.63,15,14.38
26276,229.63,14.81,14.56
26304,229.63,14.56,14.81
26333,229.63,14.38,15
26360,229.63,14.25,15.13
26389,229.56,14.06,15.31
26416,229.56,13.81,15.56
26445,229.56,13.63,15.75
26473,229.56,13.38,15.94
26500,229.56,13.25,16
26529,229.5,13,16.25
26557,229.5,12.75,16.37
26585,229.5,12.56,16.56
26613,229.44,12.31,16.75
26642,229.44,12.13,16.81
26669,229.44,11.88,17
26697,229.38,11.63,17.19
26726,229.38,11.38,17.31
26753,229.38,11.13,17.5
26782,229.31,10.88,17.62
26810,229.31,10.69,17.75
26837,229.25,10.44,17.87
26866,229.25,10.13,18
26894,229.19,9.88,18.12
26921,229.19,9.63,18.25
26948,229.13,9.44,18.31
26976,229.13,9.13,18.44
27002,229.06,8.88,18.56
27029,229,8.63,18.62
27056,229,8.31,18.75
27083,228.94,8.06,18.87
27111,228.94,7.88,18.94
27137,228.88,7.56,19.06
27164,228.81,7.25,19.19
27192,228.81,7,19.25
27218,228.75,6.69,19.31
27246,228.69,6.38,19.44
27273,228.63,6.06,19.5
27299,228.56,5.81,19.56
27327,228.56,5.5,19.62
27353,228.5,5.19,19.75
27381,228.44,4.88,19.81
27408,228.38,4.63,19.81
27434,228.31,4.25,19.94
27462,228.25,3.94,20
27489,228.25,3.69,20
27516,228.19,3.38,20.06
27543,228.13,3,20.12
27570,228.06,2.75,20.19
27597,228,2.38,20.25
27624,227.94,2,20.25
27651,227.88,1.63,20.31
27678,227.81,1.37,20.37
27706,227.75,1,20.37
27732,227.69,0.63,20.37
27759,227.69,0.37,20.44
27787,227.63,0,20.44
27813,227.56,-0.31,20.44
27842,227.5,-0.63,20.44
27870,227.44,-0.88,20.44
27897,227.38,-1.25,20.44
27926,227.31,-1.56,20.44
27954,227.25,-1.94,20.44
27982,227.19,-2.25,20.44
28010,227.19,-2.5,20.37
28038,227.13,-2.81,20.31
28066,227.06,-3.13,20.31
28094,227,-3.44,20.25
28122,226.94,-3.81,20.25
28150,226.94,-4,20.19
28179,226.88,-4.31,20.12
28206,226.81,-4.69,20.06
28234,226.75,-5,20
28263,226.75,-5.31,19.94
28290,226.69,-5.63,19.87
28319,226.63,-5.81,19.81
28347,226.63,-6.13,19.75
28375,226.56,-6.44,19.62
28403,226.5,-6.69,19.56
28431,226.5,-7,19.44
28459,226.44,-7.19,19.37
28487,226.44,-7.5,19.31
28516,226.38,-7.75,19.19
28543,226.38,-8.06,19.06
28572,226.31,-8.38,19
28600,226.31,-8.5,18.87
28627,226.31,-8.81,18.81
28656,226.25,-9.06,18.69
28684,226.25,-9.38,18.56
28712,226.19,-9.63,18.44
28740,226.19,-9.94,18.31
28768,226.13,-10.06,18.25
28797,226.13,-10.31,18.06
28826,226.13,-10.63,17.94
28856,226.13,-10.88,17.81
28884,226.06,-11.13,17.62
28914,226.06,-11.38,17.5
28943,226.06,-11.56,17.37
28972,226.06,-11.81,17.19
29001,226.06,-12.06,17.06
29030,226.06,-12.31,16.81
29059,226.06,-12.5,16.69
29088,226.06,-12.63,16.56
29118,226.06,-12.88,16.37
29146,226.06,-13.13,16.19
29176,226.06,-13.31,16
29205,226.06,-13.5,15.81
29234,226.06,-13.75,15.63
29263,226.06,-13.94,15.38
29292,226.06,-14.13,15.19
29322,226.13,-14.31,14.94
29350,226.13,-14.5,14.75
29380,226.13,-14.69,14.5
29409,226.13,-14.88,14.31
29438,226.13,-15,14.13
29467,226.19,-15.19,13.88
29496,226.19,-15.31,13.63
29525,226.19,-15.5,13.44
29554,226.25,-15.69,13.19
29584,226.25,-15.81,12.94
29612,226.31,-16,12.63
29642,226.31,-16.12,12.38
29671,226.38,-16.25,12.13
29699,226.38,-16.44,11.81
29729,226.44,-16.56,11.56
29758,226.44,-16.62,11.38
29787,226.5,-16.81,11.06
29816,226.5,-16.94,10.81
29846,226.56,-17.06,10.5
29875,226.63,-17.19,10.19
29904,226.69,-17.31,9.88
29932,226.75,-17.44,9.56
29960,226.81,-17.5,9.25
29988,226.81,-17.56,9.06
30016,226.88,-17.69,8.75
30045,226.94,-17.81,8.44
30072,227,-17.87,8.13
30100,227.06,-18,7.75
30128,227.13,-18.12,7.44
30156,227.19,-18.12,7.19
30185,227.25,-18.25,6.88
30212,227.31,-18.31,6.5
30241,227.38,-18.44,6.19
30269,227.44,-18.5,5.81
30296,227.44,-18.56,5.56
30325,227.5,-18.62,5.25
30353,227.56,-18.69,4.81
30381,227.63,-18.75,4.5
30409,227.69,-18.81,4.13
30438,227.75,-18.81,3.88
30465,227.81,-18.94,3.5
,,,